{
  "version": 1,
  "author": "Andres Di Martino",
  "editor": "wokwi",
  "parts": [
    { "type": "wokwi-arduino-uno", "id": "uno", "top": 0, "left": 0, "attrs": {} },
    { "type": "wokwi-membrane-keypad", "id": "keypad1", "top": -443.6, "left": 24.8, "attrs": {} }
  ],
  "connections": [
    [ "keypad1:R1", "uno:13", "green", [ "v0" ] ],
    [ "uno:12", "keypad1:R2", "green", [ "v0" ] ],
    [ "uno:11", "keypad1:R3", "green", [ "v0" ] ],
    [ "uno:10", "keypad1:R4", "green", [ "v0" ] ],
    [ "keypad1:C1", "uno:7", "green", [ "v28.8", "h19.1" ] ],
    [ "keypad1:C2", "uno:6", "green", [ "v19.2", "h19.2" ] ],
    [ "uno:5", "keypad1:C3", "green", [ "v-105", "h-16" ] ]
  ],
  "dependencies": {}
}