{
  "version": 1,
  "author": "Anonymous maker",
  "editor": "wokwi",
  "parts": [
    { "type": "wokwi-arduino-uno", "id": "uno", "top": 96.6, "left": -48.6, "attrs": {} },
    {
      "type": "wokwi-7segment",
      "id": "sevseg1",
      "top": -52.62,
      "left": 321.88,
      "attrs": { "common": "cathode" }
    },
    {
      "type": "wokwi-7segment",
      "id": "sevseg2",
      "top": -52.62,
      "left": 389.08,
      "attrs": { "common": "cathode" }
    },
    {
      "type": "wokwi-7segment",
      "id": "sevseg3",
      "top": -52.62,
      "left": 456.28,
      "attrs": { "common": "cathode" }
    }
  ],
  "connections": [
    [ "sevseg1:DP", "sevseg2:DP", "green", [ "v19.2", "h67.2" ] ],
    [ "sevseg2:C", "sevseg1:C", "green", [ "v28.8", "h-48" ] ],
    [ "uno:2", "sevseg1:D", "green", [ "v-48", "h61.7" ] ],
    [ "sevseg1:D", "sevseg2:D", "green", [ "v38.4", "h28.8" ] ],
    [ "sevseg2:E", "uno:3", "green", [ "v48", "h-211.2" ] ],
    [ "sevseg2:E", "sevseg1:E", "green", [ "v48", "h-19.2" ] ],
    [ "sevseg1:B", "sevseg2:B", "green", [ "v-18.36", "h67.2" ] ],
    [ "sevseg1:B", "uno:4", "green", [ "v-18.36", "h-96" ] ],
    [ "sevseg2:A", "sevseg1:A", "green", [ "v-27.96", "h-67.2" ] ],
    [ "sevseg1:A", "uno:5", "green", [ "v-27.96", "h-67.2" ] ],
    [ "sevseg2:F", "uno:6", "green", [ "v-37.56", "h-9.6" ] ],
    [ "sevseg1:F", "sevseg2:F", "green", [ "v-37.56", "h57.6" ] ],
    [ "sevseg1:G", "uno:7", "green", [ "v-47.16", "h-9.6" ] ],
    [ "sevseg2:G", "sevseg1:G", "green", [ "v-47.16", "h-28.8" ] ],
    [ "sevseg1:DP", "uno:11", "green", [ "v19.2", "h-259.2" ] ],
    [ "sevseg1:C", "uno:12", "green", [ "v28.8", "h-268.8" ] ],
    [ "sevseg2:DP", "sevseg3:DP", "green", [ "v19.2", "h67.2" ] ],
    [ "sevseg2:C", "sevseg3:C", "green", [ "v28.8", "h67.2" ] ],
    [ "sevseg2:D", "sevseg3:D", "green", [ "v38.4", "h67.2" ] ],
    [ "sevseg2:E", "sevseg3:E", "green", [ "v48", "h67.2" ] ],
    [ "sevseg2:B", "sevseg3:B", "green", [ "v-18.36", "h67.2" ] ],
    [ "sevseg2:A", "sevseg3:A", "green", [ "v-27.96", "h67.2" ] ],
    [ "sevseg2:F", "sevseg3:F", "green", [ "v-37.56", "h67.2" ] ],
    [ "sevseg2:G", "sevseg3:G", "green", [ "v-47.16", "h67.2" ] ],
    [ "uno:10", "sevseg3:COM.2", "blue", [ "v-230.4", "h48.7" ] ],
    [ "uno:8", "sevseg1:COM.2", "orange", [ "v-211.2", "h221.2" ] ],
    [ "uno:9", "sevseg2:COM.2", "gold", [ "v-220.8", "h298.4" ] ]
  ],
  "dependencies": {}
}